Freq_GHz,Transmittance
1,0.999761
1.6995,0.999672
2.399,0.999576
3.0985,0.999473
3.798,0.999364
4.4975,0.999248
5.197,0.999126
5.8965,0.998997
6.596,0.998863
7.2955,0.998722
7.995,0.998575
8.6945,0.998422
9.394,0.998264
10.0935,0.998099
10.793,0.997929
11.4925,0.997754
12.192,0.997573
12.8915,0.997387
13.591,0.997196
14.2905,0.996999
14.99,0.996797
15.6895,0.996591
16.389,0.996379
17.0885,0.996163
17.788,0.995942
18.4875,0.995716
19.187,0.995486
19.8865,0.995252
20.586,0.995013
21.2855,0.99477
21.985,0.994523
22.6845,0.994271
23.384,0.994016
24.0835,0.993757
24.783,0.993494
25.4825,0.993228
26.182,0.992957
26.8815,0.992684
27.581,0.992407
28.2805,0.992127
28.98,0.991844
29.6795,0.991557
30.379,0.991268
31.0785,0.990976
31.778,0.990681
32.4775,0.990384
33.177,0.990084
33.8765,0.989782
34.576,0.989478
35.2755,0.989172
35.975,0.988864
36.6745,0.988554
37.374,0.988243
38.0735,0.98793
38.773,0.987616
39.4725,0.987301
40.172,0.986985
40.8715,0.986668
41.571,0.98635
42.2705,0.986032
42.97,0.985713
43.6695,0.985395
44.369,0.985076
45.0685,0.984757
45.768,0.984439
46.4675,0.984122
47.167,0.983805
47.8665,0.983488
48.566,0.983173
49.2655,0.982859
49.965,0.982547
50.6645,0.982236
51.364,0.981927
52.0635,0.981619
52.763,0.981313
53.4625,0.98101
54.162,0.980709
54.8615,0.98041
55.561,0.980114
56.2605,0.979821
56.96,0.97953
57.6595,0.979242
58.359,0.978958
59.0585,0.978676
59.758,0.978398
60.4575,0.978124
61.157,0.977852
61.8565,0.977585
62.556,0.977321
63.2555,0.977061
63.955,0.976804
64.6545,0.976552
65.354,0.976303
66.0535,0.976058
66.753,0.975818
67.4525,0.975581
68.152,0.975349
68.8515,0.975121
69.551,0.974897
70.2505,0.974677
70.95,0.974461
71.6495,0.97425
72.349,0.974042
73.0485,0.973839
73.748,0.97364
74.4475,0.973446
75.147,0.973255
75.8465,0.973069
76.546,0.972887
77.2455,0.972709
77.945,0.972535
78.6445,0.972365
79.344,0.972199
80.0435,0.972037
80.743,0.971879
81.4425,0.971725
82.142,0.971574
82.8415,0.971428
83.541,0.971285
84.2405,0.971146
84.94,0.97101
85.6395,0.970878
86.339,0.970749
87.0385,0.970624
87.738,0.970502
88.4375,0.970383
89.137,0.970268
89.8365,0.970155
90.536,0.970046
91.2355,0.96994
91.935,0.969836
92.6345,0.969735
93.334,0.969637
94.0335,0.969541
94.733,0.969448
95.4325,0.969357
96.132,0.969268
96.8315,0.969182
97.531,0.969098
98.2305,0.969016
98.93,0.968935
99.6295,0.968857
100,0.968816
100.329,0.96878
101.028,0.968705
101.728,0.968631
102.427,0.968559
103.127,0.968488
103.826,0.968418
104.526,0.968349
105.225,0.968281
105.925,0.968214
106.624,0.968147
107.324,0.968081
108.023,0.968016
108.723,0.967951
109.422,0.967886
110.122,0.967821
110.822,0.967757
111.521,0.967692
112.221,0.967627
112.92,0.967561
113.62,0.967495
114.319,0.967428
115.019,0.967361
115.718,0.967293
116.418,0.967223
117.117,0.967153
117.817,0.967081
118.516,0.967008
119.216,0.966934
119.915,0.966857
120.615,0.96678
121.314,0.9667
122.013,0.966618
122.713,0.966534
123.412,0.966448
124.112,0.966359
124.811,0.966268
125.511,0.966174
126.21,0.966078
126.91,0.965979
127.609,0.965876
128.309,0.965771
129.008,0.965662
129.708,0.965551
130.407,0.965435
131.107,0.965316
131.806,0.965194
132.506,0.965068
133.206,0.964938
133.905,0.964804
134.605,0.964666
135.304,0.964523
136.004,0.964377
136.703,0.964226
137.403,0.964071
138.102,0.963911
138.802,0.963747
139.501,0.963578
140.201,0.963404
140.9,0.963225
141.6,0.963042
142.299,0.962854
142.999,0.96266
143.698,0.962462
144.398,0.962258
145.097,0.96205
145.797,0.961836
146.496,0.961616
147.196,0.961392
147.895,0.961162
148.595,0.960927
149.294,0.960686
149.994,0.96044
150.693,0.960189
151.393,0.959932
152.092,0.95967
152.792,0.959402
153.491,0.959129
154.19,0.95885
154.89,0.958566
155.589,0.958277
156.289,0.957982
156.988,0.957682
157.688,0.957377
158.387,0.957066
159.087,0.95675
159.786,0.956429
160.486,0.956103
161.185,0.955771
161.885,0.955435
162.584,0.955094
163.284,0.954747
163.983,0.954396
164.683,0.95404
165.382,0.95368
166.082,0.953315
166.781,0.952945
167.481,0.952571
168.18,0.952193
168.88,0.95181
169.579,0.951424
170.279,0.951033
170.978,0.950639
171.678,0.950241
172.377,0.949839
173.077,0.949433
173.776,0.949025
174.476,0.948613
175.175,0.948197
175.875,0.947779
176.575,0.947358
177.274,0.946935
177.974,0.946508
178.673,0.94608
179.373,0.945648
180.072,0.945215
180.772,0.94478
181.471,0.944343
182.171,0.943904
182.87,0.943464
183.57,0.943022
184.269,0.942579
184.969,0.942135
185.668,0.94169
186.368,0.941244
187.067,0.940798
187.767,0.940351
188.466,0.939904
189.166,0.939457
189.865,0.939009
190.565,0.938562
191.264,0.938115
191.964,0.937668
192.663,0.937223
193.363,0.936777
194.062,0.936333
194.762,0.93589
195.461,0.935448
196.161,0.935007
196.86,0.934568
197.56,0.93413
198.259,0.933694
198.958,0.93326
199.658,0.932828
200.357,0.932398
201.057,0.93197
201.756,0.931545
202.456,0.931122
203.155,0.930702
203.855,0.930284
204.554,0.92987
205.254,0.929458
205.953,0.929049
206.653,0.928644
207.352,0.928241
208.052,0.927843
208.751,0.927447
209.451,0.927055
210.15,0.926667
210.85,0.926282
211.549,0.925901
212.249,0.925524
212.948,0.925151
213.648,0.924782
214.347,0.924417
215.047,0.924056
215.746,0.923699
216.446,0.923346
217.145,0.922998
217.845,0.922654
218.544,0.922314
219.244,0.921978
219.944,0.921647
220.643,0.92132
221.343,0.920998
222.042,0.92068
222.742,0.920366
223.441,0.920057
224.141,0.919753
224.84,0.919452
225.54,0.919157
226.239,0.918865
226.939,0.918578
227.638,0.918296
228.338,0.918017
229.037,0.917744
229.737,0.917474
230.436,0.917209
231.136,0.916948
231.835,0.916691
232.535,0.916438
233.234,0.916189
233.934,0.915945
234.633,0.915704
235.333,0.915467
236.032,0.915234
236.732,0.915005
237.431,0.91478
238.131,0.914558
238.83,0.91434
239.53,0.914125
240.229,0.913914
240.929,0.913706
241.628,0.913501
242.327,0.9133
243.027,0.913101
243.726,0.912905
244.426,0.912713
245.125,0.912522
245.825,0.912335
246.524,0.91215
247.224,0.911967
247.923,0.911787
248.623,0.911609
249.322,0.911432
250.022,0.911258
250.721,0.911086
251.421,0.910915
252.12,0.910746
252.82,0.910578
253.519,0.910411
254.219,0.910246
254.918,0.910082
255.618,0.909919
256.317,0.909756
257.017,0.909594
257.716,0.909433
258.416,0.909272
259.115,0.909111
259.815,0.90895
260.514,0.90879
261.214,0.908629
261.913,0.908468
262.613,0.908307
263.312,0.908145
264.012,0.907982
264.712,0.907819
265.411,0.907654
266.111,0.907489
266.81,0.907323
267.51,0.907155
268.209,0.906986
268.909,0.906815
269.608,0.906643
270.308,0.906469
271.007,0.906293
271.707,0.906116
272.406,0.905936
273.106,0.905754
273.805,0.90557
274.505,0.905383
275.204,0.905194
275.904,0.905002
276.603,0.904808
277.303,0.904611
278.002,0.904412
278.702,0.904209
279.401,0.904004
280.101,0.903796
280.8,0.903584
281.5,0.90337
282.199,0.903152
282.899,0.902931
283.598,0.902707
284.298,0.90248
284.997,0.902249
285.697,0.902015
286.396,0.901778
287.096,0.901537
287.795,0.901293
288.495,0.901045
289.194,0.900794
289.894,0.90054
290.593,0.900282
291.293,0.90002
291.992,0.899756
292.692,0.899488
293.391,0.899216
294.091,0.898942
294.79,0.898664
295.49,0.898382
296.189,0.898098
296.889,0.89781
297.588,0.897519
298.288,0.897226
298.987,0.896929
299.687,0.896629
300.386,0.896326
301.086,0.896021
301.785,0.895712
302.485,0.895402
303.184,0.895088
303.884,0.894772
304.583,0.894454
305.283,0.894133
305.982,0.89381
306.682,0.893485
307.381,0.893158
308.08,0.892828
308.78,0.892497
309.479,0.892165
310.179,0.89183
310.878,0.891494
311.578,0.891157
312.277,0.890818
312.977,0.890478
313.676,0.890137
314.376,0.889795
315.075,0.889452
315.775,0.889108
316.474,0.888764
317.174,0.888419
317.873,0.888074
318.573,0.887728
319.272,0.887382
319.972,0.887036
320.671,0.886689
321.371,0.886343
322.07,0.885998
322.77,0.885652
323.469,0.885307
324.169,0.884962
324.868,0.884618
325.568,0.884275
326.267,0.883932
326.967,0.883591
327.666,0.88325
328.366,0.88291
329.065,0.882572
329.765,0.882235
330.464,0.881899
331.164,0.881564
331.863,0.881231
332.563,0.8809
333.262,0.88057
333.962,0.880242
334.661,0.879916
335.361,0.879591
336.06,0.879269
336.76,0.878948
337.459,0.87863
338.159,0.878313
338.858,0.877999
339.558,0.877687
340.257,0.877377
340.957,0.877069
341.656,0.876763
342.356,0.87646
343.055,0.876159
343.755,0.875861
344.454,0.875565
345.154,0.875271
345.853,0.87498
346.553,0.874691
347.252,0.874405
347.952,0.874121
348.651,0.87384
349.351,0.873561
350.05,0.873285
350.75,0.873012
351.45,0.87274
352.149,0.872472
352.849,0.872206
353.548,0.871942
354.248,0.871681
354.947,0.871422
355.647,0.871166
356.346,0.870912
357.046,0.870661
357.745,0.870412
358.445,0.870165
359.144,0.869921
359.844,0.869679
360.543,0.869439
361.243,0.869202
361.942,0.868967
362.642,0.868734
363.341,0.868503
364.041,0.868274
364.74,0.868048
365.44,0.867823
366.139,0.867601
366.839,0.86738
367.538,0.867162
368.238,0.866945
368.937,0.86673
369.637,0.866517
370.336,0.866305
371.036,0.866096
371.735,0.865887
372.435,0.865681
373.134,0.865476
373.834,0.865272
374.533,0.86507
375.233,0.86487
375.932,0.86467
376.632,0.864472
377.331,0.864275
378.031,0.86408
378.73,0.863885
379.43,0.863691
380.129,0.863499
380.829,0.863307
381.528,0.863117
382.228,0.862927
382.927,0.862738
383.627,0.862549
384.326,0.862361
385.026,0.862174
385.725,0.861988
386.425,0.861802
387.124,0.861616
387.824,0.861431
388.523,0.861246
389.223,0.861061
389.922,0.860877
390.622,0.860692
391.321,0.860508
392.021,0.860324
392.72,0.86014
393.42,0.859956
394.119,0.859772
394.818,0.859587
395.518,0.859403
396.217,0.859218
396.917,0.859033
397.616,0.858847
398.316,0.858661
399.015,0.858475
399.715,0.858288
400.414,0.8581
401.114,0.857912
401.813,0.857724
402.513,0.857534
403.212,0.857344
403.912,0.857153
404.611,0.856962
405.311,0.856769
406.01,0.856576
406.71,0.856381
407.409,0.856186
408.109,0.855989
408.808,0.855792
409.508,0.855593
410.207,0.855393
410.907,0.855192
411.606,0.85499
412.306,0.854787
413.005,0.854582
413.705,0.854376
414.404,0.854168
415.104,0.85396
415.803,0.853749
416.503,0.853538
417.202,0.853324
417.902,0.85311
418.601,0.852893
419.301,0.852676
420,0.852456
420.7,0.852235
421.399,0.852012
422.099,0.851788
422.798,0.851562
423.498,0.851334
424.197,0.851104
424.897,0.850873
425.596,0.85064
426.296,0.850405
426.995,0.850168
427.695,0.84993
428.394,0.849689
429.094,0.849447
429.793,0.849202
430.493,0.848956
431.192,0.848708
431.892,0.848458
432.591,0.848206
433.291,0.847952
433.99,0.847696
434.69,0.847438
435.389,0.847178
436.089,0.846916
436.788,0.846652
437.488,0.846386
438.188,0.846118
438.887,0.845848
439.587,0.845576
440.286,0.845302
440.986,0.845025
441.685,0.844747
442.385,0.844467
443.084,0.844184
443.784,0.843899
444.483,0.843613
445.183,0.843324
445.882,0.843033
446.582,0.84274
447.281,0.842445
447.981,0.842148
448.68,0.841849
449.38,0.841548
450.079,0.841244
450.779,0.840939
451.478,0.840631
452.178,0.840322
452.877,0.84001
453.577,0.839696
454.276,0.83938
454.976,0.839062
455.675,0.838742
456.375,0.83842
457.074,0.838096
457.774,0.83777
458.473,0.837441
459.173,0.837111
459.872,0.836778
460.572,0.836444
461.271,0.836107
461.971,0.835768
462.67,0.835427
463.37,0.835084
464.069,0.834739
464.769,0.834391
465.468,0.834042
466.168,0.83369
466.867,0.833336
467.567,0.832979
468.266,0.832621
468.966,0.83226
469.665,0.831896
470.365,0.83153
471.064,0.831162
471.764,0.830791
472.463,0.830417
473.163,0.83004
473.862,0.829661
474.562,0.829279
475.261,0.828893
475.961,0.828505
476.66,0.828113
477.36,0.827718
478.059,0.827319
478.759,0.826917
479.458,0.82651
480.158,0.8261
480.857,0.825686
481.557,0.825268
482.256,0.824846
482.955,0.824419
483.655,0.823988
484.354,0.823553
485.054,0.823114
485.753,0.822671
486.453,0.822225
487.152,0.821775
487.852,0.821321
488.551,0.820865
489.251,0.820407
489.95,0.819946
490.65,0.819485
491.349,0.819022
492.049,0.818558
492.748,0.818095
493.448,0.817631
494.147,0.817169
494.847,0.816708
495.546,0.816248
496.246,0.815789
496.945,0.815333
497.645,0.814878
498.344,0.814425
499.044,0.813974
499.743,0.813525
500,0.813361
500.443,0.813078
501.142,0.812632
501.842,0.812188
502.541,0.811745
503.241,0.811304
503.94,0.810863
504.64,0.810424
505.339,0.809985
506.039,0.809547
506.738,0.809109
507.438,0.808672
508.137,0.808235
508.837,0.807798
509.536,0.807362
510.236,0.806925
510.935,0.806488
511.635,0.806051
512.335,0.805614
513.034,0.805176
513.734,0.804739
514.433,0.8043
515.133,0.803862
515.832,0.803423
516.532,0.802984
517.231,0.802544
517.931,0.802104
518.63,0.801663
519.33,0.801222
520.029,0.80078
520.729,0.800338
521.428,0.799896
522.128,0.799453
522.827,0.79901
523.527,0.798566
524.226,0.798122
524.926,0.797677
525.625,0.797233
526.324,0.796787
527.024,0.796342
527.723,0.795896
528.423,0.79545
529.122,0.795004
529.822,0.794557
530.521,0.79411
531.221,0.793663
531.92,0.793216
532.62,0.792768
533.319,0.792321
534.019,0.791873
534.718,0.791425
535.418,0.790977
536.117,0.790529
536.817,0.79008
537.516,0.789632
538.216,0.789184
538.915,0.788735
539.615,0.788287
540.314,0.787839
541.014,0.78739
541.713,0.786942
542.413,0.786494
543.112,0.786046
543.812,0.785598
544.511,0.78515
545.211,0.784703
545.91,0.784255
546.61,0.783808
547.309,0.78336
548.009,0.782913
548.708,0.782467
549.408,0.78202
550.107,0.781574
550.807,0.781128
551.506,0.780682
552.206,0.780237
552.905,0.779792
553.605,0.779347
554.304,0.778902
555.004,0.778458
555.703,0.778015
556.403,0.777571
557.102,0.777128
557.802,0.776686
558.501,0.776244
559.201,0.775802
559.9,0.77536
560.6,0.77492
561.299,0.774479
561.999,0.774039
562.698,0.7736
563.398,0.773161
564.097,0.772722
564.797,0.772285
565.496,0.771847
566.196,0.77141
566.895,0.770974
567.595,0.770538
568.294,0.770103
568.994,0.769668
569.693,0.769234
570.393,0.7688
571.092,0.768368
571.792,0.767935
572.491,0.767503
573.191,0.767072
573.89,0.766642
574.59,0.766212
575.289,0.765783
575.989,0.765354
576.688,0.764926
577.388,0.764499
578.087,0.764072
578.787,0.763646
579.486,0.763221
580.186,0.762796
580.885,0.762372
581.585,0.761949
582.284,0.761526
582.984,0.761104
583.683,0.760683
584.383,0.760262
585.082,0.759842
585.782,0.759423
586.481,0.759005
587.181,0.758587
587.88,0.75817
588.58,0.757754
589.279,0.757338
589.979,0.756923
590.678,0.756509
591.378,0.756095
592.077,0.755682
592.777,0.75527
593.476,0.754859
594.176,0.754448
594.875,0.754038
595.575,0.753629
596.274,0.75322
596.974,0.752813
597.673,0.752405
598.373,0.751999
599.072,0.751593
599.772,0.751188
600.471,0.750784
601.171,0.750381
601.87,0.749978
602.57,0.749575
603.269,0.749174
603.969,0.748773
604.668,0.748373
605.368,0.747974
606.067,0.747575
606.767,0.747177
607.466,0.746779
608.166,0.746383
608.865,0.745987
609.565,0.745591
610.264,0.745197
610.964,0.744803
611.663,0.744409
612.363,0.744016
613.062,0.743624
613.762,0.743233
614.462,0.742842
615.161,0.742451
615.861,0.742062
616.56,0.741673
617.26,0.741284
617.959,0.740896
618.659,0.740509
619.358,0.740122
620.058,0.739736
620.757,0.739351
621.457,0.738966
622.156,0.738581
622.856,0.738197
623.555,0.737814
624.255,0.737431
624.954,0.737049
625.654,0.736667
626.353,0.736286
627.053,0.735905
627.752,0.735524
628.452,0.735144
629.151,0.734765
629.851,0.734386
630.55,0.734007
631.25,0.733629
631.949,0.733251
632.649,0.732874
633.348,0.732497
634.048,0.732121
634.747,0.731745
635.447,0.731369
636.146,0.730993
636.846,0.730618
637.545,0.730243
638.245,0.729869
638.944,0.729495
639.644,0.729121
640.343,0.728747
641.043,0.728374
641.742,0.728001
642.442,0.727628
643.141,0.727255
643.841,0.726883
644.54,0.726511
645.24,0.726139
645.939,0.725767
646.639,0.725395
647.338,0.725024
648.038,0.724652
648.737,0.724281
649.437,0.72391
650.136,0.723539
650.836,0.723168
651.535,0.722797
652.235,0.722426
652.934,0.722055
653.634,0.721685
654.333,0.721314
655.033,0.720943
655.732,0.720572
656.432,0.720201
657.131,0.71983
657.831,0.71946
658.53,0.719089
659.23,0.718717
659.929,0.718346
660.629,0.717975
661.328,0.717603
662.028,0.717232
662.727,0.71686
663.427,0.716488
664.126,0.716116
664.826,0.715743
665.525,0.715371
666.225,0.714998
666.924,0.714625
667.624,0.714251
668.323,0.713878
669.023,0.713504
669.722,0.713129
670.422,0.712755
671.121,0.71238
671.821,0.712005
672.52,0.711629
673.22,0.711253
673.919,0.710876
674.619,0.7105
675.318,0.710122
676.018,0.709745
676.717,0.709367
677.417,0.708988
678.116,0.708609
678.816,0.70823
679.515,0.70785
680.215,0.70747
680.914,0.707089
681.614,0.706708
682.313,0.706326
683.013,0.705943
683.712,0.705561
684.412,0.705177
685.111,0.704794
685.811,0.704409
686.51,0.704024
687.21,0.703639
687.909,0.703253
688.609,0.702867
689.308,0.70248
690.008,0.702092
690.707,0.701704
691.407,0.701316
692.106,0.700927
692.806,0.700538
693.505,0.700148
694.205,0.699758
694.904,0.699367
695.604,0.698976
696.303,0.698585
697.003,0.698193
697.702,0.697801
698.402,0.697408
699.101,0.697015
699.801,0.696622
700.5,0.696229
701.199,0.695836
701.899,0.695442
702.598,0.695048
703.298,0.694655
703.997,0.694261
704.697,0.693867
705.396,0.693473
706.096,0.693079
706.795,0.692686
707.495,0.692292
708.194,0.691899
708.894,0.691506
709.593,0.691114
710.293,0.690722
710.992,0.69033
711.692,0.689939
712.391,0.689549
713.091,0.689159
713.79,0.68877
714.49,0.688382
715.189,0.687994
715.889,0.687608
716.588,0.687222
717.288,0.686838
717.987,0.686455
718.687,0.686073
719.386,0.685692
720.086,0.685312
720.785,0.684934
721.485,0.684557
722.184,0.684182
722.884,0.683808
723.583,0.683435
724.283,0.683064
724.982,0.682695
725.682,0.682327
726.381,0.681961
727.081,0.681596
727.78,0.681233
728.48,0.680871
729.179,0.680511
729.879,0.680153
730.578,0.679796
731.278,0.67944
731.977,0.679086
732.677,0.678733
733.376,0.678381
734.076,0.678031
734.775,0.677682
735.475,0.677333
736.174,0.676986
736.874,0.676639
737.573,0.676293
738.273,0.675948
738.972,0.675603
739.672,0.675259
740.371,0.674914
741.071,0.67457
741.77,0.674226
742.47,0.673881
743.169,0.673537
743.869,0.673191
744.568,0.672846
745.268,0.672499
745.967,0.672152
746.667,0.671804
747.366,0.671454
748.066,0.671104
748.765,0.670751
749.465,0.670398
750.164,0.670043
750.864,0.669686
751.563,0.669328
752.263,0.668967
752.962,0.668605
753.662,0.66824
754.361,0.667874
755.061,0.667505
755.76,0.667133
756.46,0.66676
757.159,0.666384
757.859,0.666005
758.558,0.665624
759.258,0.66524
759.957,0.664854
760.657,0.664465
761.356,0.664074
762.056,0.663679
762.755,0.663282
763.455,0.662882
764.154,0.66248
764.854,0.662074
765.553,0.661666
766.253,0.661255
766.952,0.660842
767.652,0.660425
768.351,0.660006
769.051,0.659584
769.75,0.659159
770.45,0.658732
771.149,0.658302
771.849,0.657869
772.548,0.657434
773.248,0.656995
773.947,0.656555
774.647,0.656111
775.346,0.655665
776.046,0.655217
776.745,0.654766
777.445,0.654313
778.144,0.653857
778.844,0.653398
779.543,0.652938
780.243,0.652474
780.942,0.652009
781.642,0.651541
782.341,0.651071
783.041,0.650599
783.74,0.650124
784.44,0.649648
785.139,0.649169
785.839,0.648688
786.538,0.648205
787.238,0.64772
787.938,0.647232
788.637,0.646743
789.337,0.646252
790.036,0.645759
790.736,0.645264
791.435,0.644767
792.135,0.644268
792.834,0.643768
793.534,0.643265
794.233,0.642761
794.933,0.642255
795.632,0.641748
796.332,0.641238
797.031,0.640727
797.731,0.640215
798.43,0.639701
799.13,0.639185
799.829,0.638668
800.529,0.638149
801.228,0.637629
801.928,0.637108
802.627,0.636584
803.327,0.63606
804.026,0.635534
804.726,0.635007
805.425,0.634479
806.125,0.633949
806.824,0.633418
807.524,0.632886
808.223,0.632352
808.923,0.631818
809.622,0.631282
810.322,0.630746
811.021,0.630208
811.721,0.629669
812.42,0.629129
813.12,0.628588
813.819,0.628046
814.519,0.627504
815.218,0.62696
815.918,0.626415
816.617,0.62587
817.317,0.625324
818.016,0.624777
818.716,0.62423
819.415,0.623682
820.115,0.623133
820.814,0.622583
821.514,0.622033
822.213,0.621483
822.913,0.620932
823.612,0.62038
824.312,0.619828
825.011,0.619276
825.711,0.618723
826.41,0.618171
827.11,0.617618
827.809,0.617064
828.509,0.616511
829.208,0.615958
829.908,0.615404
830.607,0.614851
831.307,0.614298
832.006,0.613745
832.706,0.613192
833.405,0.61264
834.105,0.612088
834.804,0.611536
835.504,0.610986
836.203,0.610435
836.903,0.609886
837.602,0.609337
838.302,0.608789
839.001,0.608243
839.701,0.607697
840.4,0.607153
841.1,0.60661
841.799,0.606069
842.499,0.605529
843.198,0.604992
843.898,0.604456
844.597,0.603922
845.297,0.603391
845.996,0.602862
846.696,0.602336
847.395,0.601813
848.095,0.601294
848.794,0.600777
849.494,0.600264
850.193,0.599756
850.893,0.599251
851.592,0.598751
852.292,0.598256
852.991,0.597767
853.691,0.597282
854.39,0.596804
855.09,0.596332
855.789,0.595868
856.489,0.59541
857.188,0.59496
857.888,0.594518
858.587,0.594085
859.287,0.593661
859.986,0.593246
860.686,0.592842
861.385,0.592448
862.085,0.592065
862.784,0.591693
863.484,0.591332
864.183,0.590983
864.883,0.590646
865.582,0.59032
866.282,0.590006
866.981,0.589701
867.681,0.589407
868.38,0.589121
869.08,0.588842
869.779,0.588567
870.479,0.588295
871.178,0.588023
871.878,0.587747
872.577,0.587464
873.277,0.587168
873.976,0.586857
874.676,0.586526
875.375,0.586169
876.074,0.585784
876.774,0.585365
877.473,0.584909
878.173,0.584415
878.872,0.583879
879.572,0.583302
880.271,0.582684
880.971,0.582026
881.67,0.581329
882.37,0.580598
883.069,0.579836
883.769,0.579046
884.468,0.578232
885.168,0.5774
885.867,0.576553
886.567,0.575694
887.266,0.574829
887.966,0.573959
888.665,0.573089
889.365,0.57222
890.064,0.571354
890.764,0.570494
891.463,0.569641
892.163,0.568795
892.862,0.567959
893.562,0.567131
894.261,0.566313
894.961,0.565505
895.66,0.564707
896.36,0.563919
897.059,0.56314
897.759,0.562372
898.458,0.561612
899.158,0.560862
899.857,0.560121
900.557,0.559388
901.256,0.558663
901.956,0.557946
902.655,0.557237
903.355,0.556535
904.054,0.555839
904.754,0.55515
905.453,0.554468
906.153,0.553791
906.852,0.553121
907.552,0.552455
908.251,0.551795
908.951,0.55114
909.65,0.550489
910.35,0.549843
911.049,0.549201
911.749,0.548564
912.448,0.54793
913.148,0.5473
913.847,0.546674
914.547,0.546052
915.246,0.545432
915.946,0.544816
916.645,0.544204
917.345,0.543594
918.044,0.542987
918.744,0.542383
919.443,0.541781
920.143,0.541182
920.842,0.540586
921.542,0.539992
922.241,0.539401
922.941,0.538811
923.64,0.538225
924.34,0.53764
925.039,0.537057
925.739,0.536477
926.438,0.535898
927.138,0.535322
927.837,0.534747
928.537,0.534175
929.236,0.533604
929.936,0.533035
930.635,0.532468
931.335,0.531903
932.034,0.531339
932.734,0.530777
933.433,0.530217
934.133,0.529658
934.832,0.529101
935.532,0.528545
936.231,0.527992
936.931,0.527439
937.63,0.526888
938.33,0.526339
939.029,0.525791
939.729,0.525245
940.428,0.5247
941.128,0.524156
941.827,0.523614
942.527,0.523074
943.226,0.522534
943.926,0.521996
944.625,0.52146
945.325,0.520924
946.024,0.520391
946.724,0.519858
947.423,0.519327
948.123,0.518797
948.822,0.518268
949.522,0.517741
950.221,0.517215
950.921,0.51669
951.62,0.516166
952.32,0.515644
953.019,0.515123
953.719,0.514603
954.418,0.514084
955.118,0.513566
955.817,0.51305
956.517,0.512535
957.216,0.512021
957.916,0.511508
958.615,0.510997
959.315,0.510486
960.014,0.509977
960.714,0.509469
961.413,0.508962
962.113,0.508456
962.812,0.507951
963.512,0.507447
964.212,0.506945
964.911,0.506443
965.611,0.505943
966.31,0.505444
967.01,0.504945
967.709,0.504448
968.409,0.503952
969.108,0.503457
969.808,0.502963
970.507,0.50247
971.207,0.501978
971.906,0.501487
972.606,0.500997
973.305,0.500508
974.005,0.50002
974.704,0.499533
975.404,0.499047
976.103,0.498562
976.803,0.498078
977.502,0.497595
978.202,0.497113
978.901,0.496632
979.601,0.496151
980.3,0.495672
981,0.495193
981.699,0.494716
982.399,0.494239
983.098,0.493763
983.798,0.493288
984.497,0.492814
985.197,0.492341
985.896,0.491869
986.596,0.491397
987.295,0.490926
987.995,0.490456
988.694,0.489987
989.394,0.489519
990.093,0.489051
990.793,0.488585
991.492,0.488119
992.192,0.487653
992.891,0.487189
993.591,0.486725
994.29,0.486262
994.99,0.485799
995.689,0.485338
996.389,0.484877
997.088,0.484417
997.788,0.483957
998.487,0.483498
999.187,0.483039
999.886,0.482582
1000.59,0.482125
1001.28,0.481668
1001.98,0.481212
1002.68,0.480757
1003.38,0.480302
1004.08,0.479848
1004.78,0.479394
1005.48,0.478941
1006.18,0.478488
1006.88,0.478036
1007.58,0.477584
1008.28,0.477133
1008.98,0.476682
1009.68,0.476232
1010.38,0.475782
1011.08,0.475333
1011.78,0.474884
1012.48,0.474435
1013.18,0.473987
1013.88,0.473539
1014.58,0.473091
1015.27,0.472644
1015.97,0.472197
1016.67,0.47175
1017.37,0.471304
1018.07,0.470858
1018.77,0.470412
1019.47,0.469967
1020.17,0.469521
1020.87,0.469076
1021.57,0.468631
1022.27,0.468187
1022.97,0.467742
1023.67,0.467298
1024.37,0.466854
1025.07,0.46641
1025.77,0.465966
1026.47,0.465522
1027.17,0.465078
1027.87,0.464634
1028.57,0.464191
1029.27,0.463747
1029.96,0.463304
1030.66,0.46286
1031.36,0.462417
1032.06,0.461973
1032.76,0.46153
1033.46,0.461086
1034.16,0.460643
1034.86,0.460199
1035.56,0.459756
1036.26,0.459312
1036.96,0.458868
1037.66,0.458424
1038.36,0.45798
1039.06,0.457536
1039.76,0.457092
1040.46,0.456648
1041.16,0.456203
1041.86,0.455759
1042.56,0.455314
1043.26,0.454869
1043.95,0.454424
1044.65,0.453979
1045.35,0.453533
1046.05,0.453088
1046.75,0.452642
1047.45,0.452196
1048.15,0.45175
1048.85,0.451304
1049.55,0.450857
1050.25,0.450411
1050.95,0.449964
1051.65,0.449517
1052.35,0.44907
1053.05,0.448623
1053.75,0.448176
1054.45,0.447728
1055.15,0.447281
1055.85,0.446833
1056.55,0.446386
1057.24,0.445938
1057.94,0.44549
1058.64,0.445043
1059.34,0.444595
1060.04,0.444147
1060.74,0.443699
1061.44,0.443252
1062.14,0.442804
1062.84,0.442357
1063.54,0.44191
1064.24,0.441463
1064.94,0.441016
1065.64,0.44057
1066.34,0.440124
1067.04,0.439678
1067.74,0.439233
1068.44,0.438788
1069.14,0.438344
1069.84,0.4379
1070.54,0.437457
1071.23,0.437014
1071.93,0.436572
1072.63,0.436131
1073.33,0.435691
1074.03,0.435252
1074.73,0.434814
1075.43,0.434377
1076.13,0.43394
1076.83,0.433505
1077.53,0.433072
1078.23,0.432639
1078.93,0.432208
1079.63,0.431778
1080.33,0.43135
1081.03,0.430924
1081.73,0.430499
1082.43,0.430075
1083.13,0.429654
1083.83,0.429234
1084.53,0.428816
1085.22,0.428401
1085.92,0.427987
1086.62,0.427575
1087.32,0.427165
1088.02,0.426758
1088.72,0.426353
1089.42,0.42595
1090.12,0.425549
1090.82,0.425151
1091.52,0.424756
1092.22,0.424362
1092.92,0.423971
1093.62,0.423583
1094.32,0.423197
1095.02,0.422814
1095.72,0.422433
1096.42,0.422055
1097.12,0.421679
1097.82,0.421306
1098.52,0.420935
1099.21,0.420567
1099.91,0.420201
1100.61,0.419837
1101.31,0.419476
1102.01,0.419118
1102.71,0.418761
1103.41,0.418407
1104.11,0.418055
1104.81,0.417705
1105.51,0.417357
1106.21,0.417011
1106.91,0.416667
1107.61,0.416325
1108.31,0.415985
1109.01,0.415646
1109.71,0.415308
1110.41,0.414972
1111.11,0.414637
1111.81,0.414304
1112.51,0.413971
1113.2,0.413639
1113.9,0.413309
1114.6,0.412979
1115.3,0.412649
1116,0.412321
1116.7,0.411992
1117.4,0.411664
1118.1,0.411336
1118.8,0.411008
1119.5,0.41068
1120.2,0.410352
1120.9,0.410024
1121.6,0.409695
1122.3,0.409366
1123,0.409036
1123.7,0.408706
1124.4,0.408374
1125.1,0.408042
1125.8,0.407709
1126.5,0.407375
1127.19,0.40704
1127.89,0.406703
1128.59,0.406365
1129.29,0.406026
1129.99,0.405686
1130.69,0.405343
1131.39,0.405
1132.09,0.404654
1132.79,0.404307
1133.49,0.403959
1134.19,0.403608
1134.89,0.403256
1135.59,0.402901
1136.29,0.402545
1136.99,0.402187
1137.69,0.401826
1138.39,0.401464
1139.09,0.4011
1139.79,0.400734
1140.49,0.400365
1141.18,0.399994
1141.88,0.399622
1142.58,0.399247
1143.28,0.39887
1143.98,0.398491
1144.68,0.398109
1145.38,0.397726
1146.08,0.39734
1146.78,0.396952
1147.48,0.396562
1148.18,0.39617
1148.88,0.395775
1149.58,0.395379
1150.28,0.39498
1150.98,0.394579
1151.68,0.394177
1152.38,0.393772
1153.08,0.393365
1153.78,0.392955
1154.48,0.392544
1155.17,0.392131
1155.87,0.391716
1156.57,0.391299
1157.27,0.39088
1157.97,0.390459
1158.67,0.390036
1159.37,0.389612
1160.07,0.389185
1160.77,0.388757
1161.47,0.388327
1162.17,0.387895
1162.87,0.387462
1163.57,0.387026
1164.27,0.38659
1164.97,0.386151
1165.67,0.385711
1166.37,0.38527
1167.07,0.384827
1167.77,0.384383
1168.47,0.383937
1169.16,0.38349
1169.86,0.383041
1170.56,0.382592
1171.26,0.382141
1171.96,0.381688
1172.66,0.381235
1173.36,0.38078
1174.06,0.380325
1174.76,0.379868
1175.46,0.37941
1176.16,0.378952
1176.86,0.378492
1177.56,0.378032
1178.26,0.37757
1178.96,0.377108
1179.66,0.376645
1180.36,0.376182
1181.06,0.375717
1181.76,0.375253
1182.46,0.374787
1183.15,0.374321
1183.85,0.373854
1184.55,0.373387
1185.25,0.37292
1185.95,0.372452
1186.65,0.371983
1187.35,0.371515
1188.05,0.371046
1188.75,0.370576
1189.45,0.370107
1190.15,0.369637
1190.85,0.369167
1191.55,0.368697
1192.25,0.368227
1192.95,0.367757
1193.65,0.367287
1194.35,0.366816
1195.05,0.366346
1195.75,0.365876
1196.45,0.365405
1197.14,0.364935
1197.84,0.364465
1198.54,0.363994
1199.24,0.363524
1199.94,0.363054
1200,0.363016
1200.64,0.362584
1201.34,0.362114
1202.04,0.361644
1202.74,0.361175
1203.44,0.360705
1204.14,0.360236
1204.84,0.359766
1205.54,0.359297
1206.24,0.358828
1206.94,0.358359
1207.64,0.357889
1208.34,0.35742
1209.04,0.356951
1209.74,0.356482
1210.44,0.356013
1211.13,0.355544
1211.83,0.355075
1212.53,0.354606
1213.23,0.354136
1213.93,0.353667
1214.63,0.353197
1215.33,0.352727
1216.03,0.352257
1216.73,0.351787
1217.43,0.351317
1218.13,0.350846
1218.83,0.350374
1219.53,0.349903
1220.23,0.349431
1220.93,0.348958
1221.63,0.348485
1222.33,0.348012
1223.03,0.347538
1223.73,0.347063
1224.43,0.346588
1225.12,0.346112
1225.82,0.345635
1226.52,0.345158
1227.22,0.34468
1227.92,0.344202
1228.62,0.343722
1229.32,0.343242
1230.02,0.342761
1230.72,0.342279
1231.42,0.341796
1232.12,0.341312
1232.82,0.340828
1233.52,0.340342
1234.22,0.339856
1234.92,0.339369
1235.62,0.33888
1236.32,0.338391
1237.02,0.337901
1237.72,0.33741
1238.42,0.336918
1239.12,0.336425
1239.81,0.335931
1240.51,0.335436
1241.21,0.33494
1241.91,0.334443
1242.61,0.333945
1243.31,0.333446
1244.01,0.332947
1244.71,0.332446
1245.41,0.331945
1246.11,0.331443
1246.81,0.330939
1247.51,0.330435
1248.21,0.329931
1248.91,0.329425
1249.61,0.328919
1250.31,0.328412
1251.01,0.327904
1251.71,0.327395
1252.41,0.326886
1253.11,0.326376
1253.8,0.325866
1254.5,0.325354
1255.2,0.324843
1255.9,0.32433
1256.6,0.323818
1257.3,0.323304
1258,0.322791
1258.7,0.322277
1259.4,0.321762
1260.1,0.321247
1260.8,0.320732
1261.5,0.320216
1262.2,0.3197
1262.9,0.319184
1263.6,0.318668
1264.3,0.318152
1265,0.317635
1265.7,0.317118
1266.4,0.316601
1267.1,0.316084
1267.79,0.315567
1268.49,0.31505
1269.19,0.314534
1269.89,0.314017
1270.59,0.3135
1271.29,0.312983
1271.99,0.312467
1272.69,0.31195
1273.39,0.311434
1274.09,0.310918
1274.79,0.310403
1275.49,0.309887
1276.19,0.309372
1276.89,0.308857
1277.59,0.308343
1278.29,0.307829
1278.99,0.307316
1279.69,0.306802
1280.39,0.30629
1281.09,0.305778
1281.78,0.305266
1282.48,0.304755
1283.18,0.304245
1283.88,0.303735
1284.58,0.303225
1285.28,0.302717
1285.98,0.302209
1286.68,0.301701
1287.38,0.301195
1288.08,0.300689
1288.78,0.300184
1289.48,0.299679
1290.18,0.299176
1290.88,0.298673
1291.58,0.298171
1292.28,0.29767
1292.98,0.29717
1293.68,0.29667
1294.38,0.296172
1295.08,0.295674
1295.77,0.295178
1296.47,0.294682
1297.17,0.294188
1297.87,0.293694
1298.57,0.293201
1299.27,0.29271
1299.97,0.292219
1300.67,0.291729
1301.37,0.291241
1302.07,0.290754
1302.77,0.290267
1303.47,0.289782
1304.17,0.289298
1304.87,0.288815
1305.57,0.288333
1306.27,0.287853
1306.97,0.287373
1307.67,0.286895
1308.37,0.286418
1309.07,0.285942
1309.76,0.285468
1310.46,0.284995
1311.16,0.284523
1311.86,0.284052
1312.56,0.283582
1313.26,0.283114
1313.96,0.282647
1314.66,0.282182
1315.36,0.281717
1316.06,0.281254
1316.76,0.280793
1317.46,0.280333
1318.16,0.279874
1318.86,0.279416
1319.56,0.27896
1320.26,0.278506
1320.96,0.278052
1321.66,0.2776
1322.36,0.27715
1323.06,0.276701
1323.75,0.276253
1324.45,0.275807
1325.15,0.275363
1325.85,0.274919
1326.55,0.274478
1327.25,0.274038
1327.95,0.273599
1328.65,0.273162
1329.35,0.272726
1330.05,0.272292
1330.75,0.271859
1331.45,0.271428
1332.15,0.270998
1332.85,0.27057
1333.55,0.270143
1334.25,0.269718
1334.95,0.269295
1335.65,0.268873
1336.35,0.268453
1337.05,0.268034
1337.74,0.267617
1338.44,0.267201
1339.14,0.266787
1339.84,0.266375
1340.54,0.265964
1341.24,0.265555
1341.94,0.265147
1342.64,0.264741
1343.34,0.264337
1344.04,0.263935
1344.74,0.263534
1345.44,0.263134
1346.14,0.262736
1346.84,0.26234
1347.54,0.261946
1348.24,0.261553
1348.94,0.261162
1349.64,0.260773
1350.34,0.260385
1351.04,0.259999
1351.73,0.259615
1352.43,0.259232
1353.13,0.258851
1353.83,0.258472
1354.53,0.258094
1355.23,0.257719
1355.93,0.257344
1356.63,0.256972
1357.33,0.256601
1358.03,0.256232
1358.73,0.255865
1359.43,0.2555
1360.13,0.255136
1360.83,0.254774
1361.53,0.254413
1362.23,0.254055
1362.93,0.253698
1363.63,0.253343
1364.33,0.252989
1365.03,0.252638
1365.72,0.252288
1366.42,0.25194
1367.12,0.251594
1367.82,0.251249
1368.52,0.250906
1369.22,0.250565
1369.92,0.250226
1370.62,0.249889
1371.32,0.249553
1372.02,0.249219
1372.72,0.248887
1373.42,0.248557
1374.12,0.248228
1374.82,0.247901
1375.52,0.247576
1376.22,0.247253
1376.92,0.246932
1377.62,0.246612
1378.32,0.246295
1379.02,0.245979
1379.71,0.245665
1380.41,0.245352
1381.11,0.245042
1381.81,0.244733
1382.51,0.244426
1383.21,0.244121
1383.91,0.243818
1384.61,0.243516
1385.31,0.243217
1386.01,0.242919
1386.71,0.242623
1387.41,0.242329
1388.11,0.242037
1388.81,0.241746
1389.51,0.241457
1390.21,0.241171
1390.91,0.240886
1391.61,0.240603
1392.31,0.240321
1393.01,0.240042
1393.7,0.239764
1394.4,0.239488
1395.1,0.239215
1395.8,0.238942
1396.5,0.238672
1397.2,0.238404
1397.9,0.238137
1398.6,0.237873
1399.3,0.23761
1400,0.237349